beta,exact,FA
0.12849800114220444,0.9999368647047061,0.9999681115150452
