beta,exact,FA
17.11111111111111,0.9687872625147277,0.999022901058197
