beta,exact,FA
0.11247188202949261,0.999937377362438,0.9999449253082275
