beta,exact,FA
0.1,0.9999377725352838,0.9999516010284424
