beta,exact,FA
23.555555555555557,0.9571291853570363,0.9375259876251221
