beta,exact,FA
0.8858267716535432,0.9999049634549925,0.9999291896820068
