beta,exact,FA
4.222222222222222,0.9991235409654105,0.9991365671157837
