beta,exact,FA
7.444444444444445,0.9940553182850742,0.994061291217804
