beta,exact,FA
13.88888888888889,0.9762773807219655,0.9903715252876282
