beta,exact,FA
0.44687189672293937,0.9999254406316258,0.9999455213546753
