beta,exact,FA
50.0,0.9340739369462089,0.9851638078689575
