beta,exact,FA
10.666666666666668,0.9849942195443252,0.9737530946731567
