beta,exact,FA
35,0.9487744643672203,0.9487786889076233
