beta,exact,FA
0.17971246006389777,0.9999351889638294,0.9999459385871887
