beta,exact,FA
0.14985014985014983,0.999936173059149,0.9999476075172424
