beta,exact,FA
0.22443890274314213,0.9999336775258203,0.9999474883079529
