beta,exact,FA
20.333333333333336,0.962464026464241,0.998599112033844
