beta,exact,FA
1.0,0.9998985209320134,0.9999332427978516
