beta,exact,FA
10,0.9518599712482558,0.9518709182739258
