beta,exact,FA
3,0.9993455208897872,0.9988332986831665
