beta,exact,FA
3,0.9993455208897872,0.9993773102760315
