beta,exact,FA
35,0.9405202898169741,0.9411471486091614
