beta,exact,FA
3,0.9993455208897872,0.9992369413375854
