beta,exact,FA
3,0.9993455208897872,1.0165497064590454
